"Techstack","Project Type","Links","Description"
"React, Node.js, MongoDB","Web Development","https://example.com/react-portfolio","Full-stack web application with modern JavaScript ecosystem"
"Angular,.NET, SQL Server","Enterprise Application","https://example.com/angular-portfolio","Complex business solution using Microsoft technologies"
"Vue.js, Ruby on Rails, PostgreSQL","Progressive Web App","https://example.com/vue-portfolio","Responsive single-page application with robust backend"
"Python, Django, MySQL","Data-Driven Website","https://example.com/python-portfolio","Web platform with robust data management capabilities"
"Java, Spring Boot, Oracle","Enterprise Software","https://example.com/java-portfolio","Large-scale enterprise application with complex business logic"
"Flutter, Firebase, GraphQL","Mobile Application","https://example.com/flutter-portfolio","Cross-platform mobile app with real-time data synchronization"
"WordPress, PHP, MySQL","Content Management System","https://example.com/wordpress-portfolio","Customized website with dynamic content management"
"Magento, PHP, MySQL","E-commerce Platform","https://example.com/magento-portfolio","Scalable online store with advanced e-commerce features"
"React Native, Node.js, MongoDB","Mobile Development","https://example.com/react-native-portfolio","Cross-platform mobile application with unified backend"
"iOS, Swift, Core Data","Native iOS App","https://example.com/ios-portfolio","High-performance iOS application with local data persistence"
"Android, Java, Room Persistence","Android Application","https://example.com/android-portfolio","Native Android app with efficient local database management"
"Kotlin, Android, Firebase","Mobile Solution","https://example.com/kotlin-android-portfolio","Modern Android app with real-time cloud integration"
"Android TV, Kotlin, Android NDK","Entertainment Platform","https://example.com/android-tv-portfolio","Advanced Android TV application with native performance"
"iOS, Swift, ARKit","Augmented Reality","https://example.com/ios-ar-portfolio","Immersive AR experience for iOS platform"
"Cross-platform, Xamarin, Azure","Multi-Platform Solution","https://example.com/xamarin-portfolio","Unified application across multiple device platforms"
"Backend, Kotlin, Spring Boot","Server-Side Development","https://example.com/kotlin-backend-portfolio","Robust and scalable backend microservices architecture"
"Frontend, TypeScript, Angular","Web Interface","https://example.com/typescript-frontend-portfolio","Advanced web application with strong type checking"
"Full-stack, JavaScript, Express.js","Web Development","https://example.com/full-stack-js-portfolio","Complete web solution using JavaScript ecosystem"
"Machine Learning, Python, TensorFlow","AI/ML Project","https://example.com/ml-python-portfolio","Advanced machine learning and data science application"
"DevOps, Jenkins, Docker","Infrastructure Management","https://example.com/devops-portfolio","Automated continuous integration and deployment pipeline"
